Workbook

Sheet Sheet1
A1: Semana | B1: Día | C1: Gasto Diario | D1: Presupuesto Diario | E1: Diferencia
A2: Semana 1 | B2: Lunes | C2: 0 | D2: 15500 | E2: =D2-C2
A3: Semana 1 | B3: Martes | C3: 0 | D3: 15500 | E3: =D3-C3
A4: Semana 1 | B4: Miércoles | C4: 0 | D4: 15500 | E4: =D4-C4
A5: Semana 1 | B5: Jueves | C5: 0 | D5: 15500 | E5: =D5-C5
A6: Semana 1 | B6: Viernes | C6: 0 | D6: 15500 | E6: =D6-C6
A7: Semana 1 | B7: Sábado | C7: 0 | D7: 15500 | E7: =D7-C7
A8: Semana 1 | B8: Domingo | C8: 0 | D8: 15500 | E8: =D8-C8
A9: Semana 2 | B9: Lunes | C9: 0 | D9: 15500 | E9: =D9-C9
A10: Semana 2 | B10: Martes | C10: 0 | D10: 15500 | E10: =D10-C10
A11: Semana 2 | B11: Miércoles | C11: 0 | D11: 15500 | E11: =D11-C11
A12: Semana 2 | B12: Jueves | C12: 0 | D12: 15500 | E12: =D12-C12
A13: Semana 2 | B13: Viernes | C13: 0 | D13: 15500 | E13: =D13-C13
... A29: Semana 4 | B29: Domingo | C29: 0 | D29: 15500 | E29: =D29-C29

Sheet Resumen Semanal
A1: Semana | B1: Total Gastado | C1: Presupuesto Total | D1: Diferencia
A2: Semana 1 | B2: =SUM(Gastos!C2:C8) | C2: =SUM(Gastos!D2:D8) | D2: =B2-C2
A3: Semana 2 | B3: =SUM(Gastos!C9:C15) | C3: =SUM(Gastos!D9:D15) | D3: =B3-C3
A4: Semana 3 | B4: =SUM(Gastos!C16:C22) | C4: =SUM(Gastos!D16:D22) | D4: =B4-C4
A5: Semana 4 | B5: =SUM(Gastos!C23:C29) | C5: =SUM(Gastos!D23:D29) | D5: =B5-C5

Sheet Dashboard Mensual
A1: Mes | B1: Total Gastado | C1: Total Presupuesto | D1: Diferencia
A2: Mes 1 | B2: =SUM('Resumen Semanal'!B2:B5) | C2: =SUM('Resumen Semanal'!C2:C5) | D2: =B2-C2
